<?xml version="1.0" encoding="UTF-8"?>
<jcr:root xmlns:sling="http://sling.apache.org/jcr/sling/1.0" xmlns:granite="http://www.adobe.com/jcr/granite/1.0" xmlns:cq="http://www.day.com/jcr/cq/1.0" xmlns:jcr="http://www.jcp.org/jcr/1.0" xmlns:nt="http://www.jcp.org/jcr/nt/1.0"
    jcr:primaryType="nt:unstructured"
    jcr:title="Page"
    sling:resourceType="cq/gui/components/authoring/dialog"
    extraClientlibs="[cq.common.wcm,core.wcm.page.properties,cq.wcm.msm.properties]"
    mode="edit">
    <content
    	granite:class="cq-dialog-content-page"
        jcr:primaryType="nt:unstructured"
        sling:resourceType="granite/ui/components/coral/foundation/container">
        <items jcr:primaryType="nt:unstructured">
            <tabs
                granite:class="cq-siteadmin-admin-properties-tabs"
                jcr:primaryType="nt:unstructured"
                sling:resourceType="granite/ui/components/coral/foundation/tabs"
                size="L">
                <items jcr:primaryType="nt:unstructured">
                    <basic/>
                    <advanced/>
                    <thumbnail/>
                    <socialmedia
                    	cq:showOnCreate="{Boolean}false"
                        cq:hideOnEdit="{Boolean}true"
                        jcr:primaryType="nt:unstructured"/>
                    <personalization
                    	cq:showOnCreate="{Boolean}false"
                    	cq:hideOnEdit="{Boolean}true"
                        jcr:primaryType="nt:unstructured"/>
                    <permissions
                    	cq:showOnCreate="{Boolean}false"
                    	cq:hideOnEdit="{Boolean}true"
                    	sling:resourceType="granite/ui/components/coral/foundation/fixedcolumns"
                        jcr:primaryType="nt:unstructured"/>
                </items>
            </tabs>
        </items>
    </content>
</jcr:root>
