<?xml version="1.0" encoding="UTF-8"?>
"/home/local/SUTRIXMEDIA1/nam.ldt/Desktop/demo/demo/ui.apps/src/main/content/jcr_root/apps/mydemo/components/content/DemoConfiguration/_cq_dialog/.content.xml"
<jcr:root xmlns:sling="http://sling.apache.org/jcr/sling/1.0"
	xmlns:cq="http://www.day.com/jcr/cq/1.0" xmlns:jcr="http://www.jcp.org/jcr/1.0"
	xmlns:nt="http://www.jcp.org/jcr/nt/1.0" jcr:primaryType="nt:unstructured"
	jcr:title="Carousel" sling:resourceType="cq/gui/components/authoring/dialog">
	<content jcr:primaryType="nt:unstructured"
		sling:resourceType="granite/ui/components/foundation/container">
		<layout jcr:primaryType="nt:unstructured"
			sling:resourceType="granite/ui/components/foundation/layouts/fixedcolumns"
			margin="{Boolean}false" />
		<items jcr:primaryType="nt:unstructured">
			<column jcr:primaryType="nt:unstructured"
				sling:resourceType="granite/ui/components/foundation/container">
				<items jcr:primaryType="nt:unstructured">
					<title jcr:primaryType="nt:unstructured"
						sling:resourceType="granite/ui/components/foundation/form/textfield"
						fieldDescription="Leave empty to use the page title." fieldLabel="Title"
						name="./title" />
					<pagePaths jcr:primaryType="nt:unstructured"
						sling:resourceType="/apps/demo/components/custom/multifield"
						fieldLabel="Page Paths">
						<field jcr:primaryType="nt:unstructured"
							sling:resourceType="granite/ui/components/foundation/form/fieldset"
							name="./pagePaths">
							<layout jcr:primaryType="nt:unstructured"
								sling:resourceType="granite/ui/components/foundation/layouts/fixedcolumns"
								method="absolute" />
							<items jcr:primaryType="nt:unstructured">
								<column jcr:primaryType="nt:unstructured"
									sling:resourceType="granite/ui/components/foundation/container">
									<items jcr:primaryType="nt:unstructured">
										<pagePath jcr:primaryType="nt:unstructured"
											sling:resourceType="granite/ui/components/foundation/form/pathbrowser"
											fieldLabel="Page Path" required="{Boolean}false" rootPath="/content/"
											name="./pagePath" />
									</items>
								</column>
							</items>
						</field>
					</pagePaths>
				</items>
			</column>
		</items>
	</content>
</jcr:root>