<?xml version="1.0" encoding="UTF-8"?>
<jcr:root xmlns:sling="http://sling.apache.org/jcr/sling/1.0" xmlns:cq="http://www.day.com/jcr/cq/1.0" xmlns:jcr="http://www.jcp.org/jcr/1.0" xmlns:nt="http://www.jcp.org/jcr/nt/1.0"
    cq:showOnCreate="{Boolean}true"
    jcr:primaryType="cq:Widget"
    jcr:title="Custom Thumbnail"
    sling:resourceType="granite/ui/components/foundation/section">
    <layout
        jcr:primaryType="nt:unstructured"
        sling:resourceType="granite/ui/components/foundation/layouts/fixedcolumns"
        margin="{Boolean}false"/>
    <items jcr:primaryType="nt:unstructured">
        <column
            jcr:primaryType="nt:unstructured"
            sling:resourceType="granite/ui/components/foundation/container">
            <items jcr:primaryType="nt:unstructured">
                <section1
                    jcr:primaryType="nt:unstructured"
                    jcr:title="Custom Thumbnail"
                    sling:resourceType="granite/ui/components/foundation/form/fieldset">
                    <items jcr:primaryType="nt:unstructured">
						<desktopImage jcr:primaryType="nt:unstructured"
                            sling:resourceType="granite/ui/components/foundation/form/pathbrowser"
                            fieldLabel="Desktop Image"
                            name="./desktopImage"
                            rootPath="/content" />
                        <mobileImage jcr:primaryType="nt:unstructured"
                            sling:resourceType="granite/ui/components/foundation/form/pathbrowser"
                            fieldLabel="Mobile Image"
                            name="./mobileImage"
                            rootPath="/content" />
                    </items>
                </section1>
            </items>
        </column>
    </items>
</jcr:root>
