productid,productname,price
964929005-2,Nacho Chips,$52.75
616058327-1,Jam - Raspberry,$47.47
334824436-6,Vinegar - Balsamic,$50.93
633450672-2,"Placemat - Scallop, White",$97.92
386139007-8,"Clams - Littleneck, Whole",$12.54
616274893-6,"Coke - Diet, 355 Ml",$46.27
088858203-X,Pepper - Cubanelle,$51.12
568198879-1,Kiwi Gold Zespri,$49.11
960361962-0,Wine - Vouvray Cuvee Domaine,$37.08
067437688-9,"Syrup - Monin, Swiss Choclate",$75.28
882448274-0,French Pastries,$3.52
299791124-9,Flavouring - Raspberry,$38.95
238154633-2,Lamb - Shoulder,$99.87
863618221-2,"Tomatoes - Vine Ripe, Yellow",$12.86
062379626-0,Ham - Virginia,$49.32
293090536-0,Lumpfish Black,$83.66
253468566-X,V8 - Tropical Blend,$47.26
657264990-3,Burger Veggie,$43.95
149781978-4,Puree - Passion Fruit,$25.07
726840356-9,Sugar - Splenda Sweetener,$51.20
454682897-7,"Lamb - Leg, Bone In",$23.61
183262898-1,Yucca,$85.27
077524596-8,Beer - Sleemans Cream Ale,$7.72
516502231-5,Hipnotiq Liquor,$61.62
057006554-2,Table Cloth 62x120 White,$62.67
526866698-3,Cheese - La Sauvagine,$50.01
595243605-6,Scallops - 20/30,$24.86
560168615-7,"Pail - 15l White, With Handle",$98.39
926145599-9,Beer - Muskoka Cream Ale,$64.37
028699996-X,"Lamb - Leg, Boneless",$83.99
477907658-7,Cheese - Gorgonzola,$62.63
898513612-7,Wine - Rhine Riesling Wolf Blass,$80.74
091406753-2,Juice - Happy Planet,$51.10
355110306-2,Rice Paper,$76.15
737428999-5,Parsley - Dried,$40.32
671228649-2,Tea - English Breakfast,$20.88
153999916-5,Beer - Tetleys,$13.25
224938524-6,"Crab - Back Fin Meat, Canned",$47.73
652561786-3,Cheese - Brie,$79.48
826353279-5,"Lid - High Heat, Super Clear",$31.86
132939785-1,Beef - Top Sirloin - Aaa,$1.54
992823299-7,Corn Kernels - Frozen,$82.91
881512821-2,Chambord Royal,$40.29
016742523-4,Durian Fruit,$48.64
698870844-8,Bagel - Everything,$59.94
596827165-5,Chicken - Base,$97.91
549521701-2,"Salmon - Atlantic, Skin On",$89.29
483126311-7,Longos - Assorted Sandwich,$27.86
056825614-X,Beans - Butter Lrg Lima,$12.76
946566365-4,Cheese - Pied De Vents,$80.87
000646649-4,Cognac - Courvaisier,$70.62
530049731-2,Garlic - Peeled,$13.96
774007715-1,Mikes Hard Lemonade,$40.42
774806699-X,"Pineapple - Canned, Rings",$68.67
036790117-X,"Pasta - Orzo, Dry",$48.60
706046934-6,"Tomatoes - Vine Ripe, Yellow",$13.25
875657685-4,Walkers Special Old Whiskey,$94.86
100494842-5,Beef - Sushi Flat Iron Steak,$34.14
933573947-2,Wine - Saint Emilion Calvet,$17.38
793913946-0,Nacho Chips,$73.07
545019431-5,Apricots - Halves,$97.26
505740168-8,"Wine - White, Riesling, Henry Of",$90.59
678010510-4,Duck - Breast,$67.76
427314545-6,Bread - Bistro White,$93.58
586314354-1,Eel - Smoked,$99.92
231127339-6,"Cheese - Mozzarella, Shredded",$40.05
330476510-7,Longan,$48.89
487835328-7,"Wine - Magnotta, Merlot Sr Vqa",$8.56
228853578-4,French Kiss Vanilla,$84.91
289419965-1,"Red Snapper - Fresh, Whole",$42.66
220850538-7,Beer - True North Lager,$99.30
022860076-6,Eggplant - Regular,$77.17
566507114-5,Bar Mix - Lemon,$79.61
310147674-7,"Wine - Red, Cabernet Merlot",$74.98
499040366-5,Squid U5 - Thailand,$41.58
209279407-8,Turnip - Mini,$52.10
966732859-7,Sugar - Brown,$75.30
586260519-3,Beef - Ground Medium,$69.45
145787979-4,"Beans - Long, Chinese",$16.71
896615903-6,Venison - Striploin,$66.69
591205118-8,"Sprite, Diet - 355ml",$96.82
112877235-3,Broom Handle,$83.32
342645966-3,Oregano - Fresh,$76.73
205334901-8,The Pop Shoppe - Cream Soda,$84.27
563172395-6,"Bread - Roll, Canadian Dinner",$9.57
799431509-7,Water - Perrier,$84.80
856479025-4,Tahini Paste,$31.34
621928569-7,Piping Jelly - All Colours,$14.46
643285097-5,Cheese Cloth No 60,$22.98
259843212-6,Shrimp - Black Tiger 26/30,$5.97
224104464-4,"Tendrils - Baby Pea, Organic",$37.19
759442777-7,"Oil - Food, Lacquer Spray",$93.50
364241392-7,Chocolate - Sugar Free Semi Choc,$70.41
210456989-3,Pastry - Key Limepoppy Seed Tea,$77.53
861717077-8,Energy - Boo - Koo,$54.81
986705491-1,Liners - Baking Cups,$40.54
212631259-3,Frangelico,$7.14
134316996-8,Lychee,$28.93
113339055-2,Mayonnaise,$95.91
165332203-9,"Yogurt - Banana, 175 Gr",$73.47
745414427-6,Tea - Black Currant,$54.98
511959545-6,Milk 2% 500 Ml,$99.13
410307958-4,Butter Ripple - Phillips,$65.86
465261731-3,Nori Sea Weed - Gold Label,$62.18
984924779-7,"Tea - Darjeeling, Azzura",$48.32
359986594-9,Hand Towel,$38.02
249137983-X,Assorted Desserts,$17.30
800995020-3,Tofu - Firm,$52.40
331511869-8,Wine - Ruffino Chianti,$40.91
104856824-5,Pur Source,$85.03
220867892-3,Banana - Leaves,$30.15
090663487-3,Wine - Shiraz Wolf Blass Premium,$87.66
205009966-5,Cheese - Mix,$33.83
441781321-3,Pastry - Baked Scones - Mini,$53.82
495481571-1,Sauce - Alfredo,$12.79
771235502-9,Curry Paste - Green Masala,$50.82
990376587-8,Pancetta,$66.42
159730057-8,"Rum - White, Gg White",$57.30
362105035-3,Capers - Ox Eye Daisy,$7.65
873133137-8,Tomatoes - Roma,$27.75
441149800-6,Whmis - Spray Bottle Trigger,$51.94
828464812-1,"Olives - Black, Pitted",$50.84
447342647-5,Chocolate Bar - Smarties,$39.87
095829627-8,Wine - Beringer Founders Estate,$27.21
494701424-5,"Tortillas - Flour, 8",$1.45
208163118-0,"Juice - Orange, 341 Ml",$9.26
631838899-0,Cookie Dough - Chocolate Chip,$72.61
885738470-5,"Stock - Beef, White",$30.63
273705926-7,Garbag Bags - Black,$96.26
975642968-2,Glass - Juice Clear 5oz 55005,$40.27
945918334-4,Appetizer - Escargot Puff,$40.71
792492541-4,Oranges,$12.56
943956365-6,Poppy Seed,$54.84
381601644-8,Chervil - Fresh,$37.60
169931916-2,Salad Dressing,$8.22
610593653-2,"Apple - Delicious, Golden",$47.47
691584309-4,Chips Potato Salt Vinegar 43g,$37.86
884631751-3,Cake - French Pear Tart,$29.06
791548088-X,"Crab - Claws, Snow 16 - 24",$69.75
838823153-7,Wine - Vineland Estate Semi - Dry,$7.59
172437700-0,Oil - Olive,$13.23
463704942-3,Soup - Campbells Chili,$2.77
119534929-7,Wine La Vielle Ferme Cote Du,$12.21
721132448-1,Currants,$29.58
558399211-5,Corn Syrup,$84.63
043304583-3,"Pepper - Black, Whole",$57.35
103748973-X,Turkey - Oven Roast Breast,$72.25
710554871-1,Vinegar - Champagne,$33.61
692530491-9,Oil - Cooking Spray,$3.14
679946565-3,Wine - Taylors Reserve,$82.28
040412557-3,Gherkin - Sour,$41.52
574389595-3,Cucumber - Pickling Ontario,$89.35
324201580-0,Yoplait - Strawbrasp Peac,$95.74
853967203-0,"Croissant, Raw - Mini",$25.26
522696409-9,Beans - Kidney White,$68.81
575781206-0,Basil - Seedlings Cookstown,$8.25
424315710-3,Chick Peas - Dried,$74.13
758487128-3,"Nut - Pecan, Pieces",$40.23
561362691-X,Tofu - Firm,$97.88
948893540-5,Crackers - Melba Toast,$36.41
156226697-7,Soup - Campbells - Tomato,$16.96
794240118-9,Cheese - Bocconcini,$21.84
577700566-7,Puree - Kiwi,$94.29
035472642-0,Wine - Marlbourough Sauv Blanc,$0.65
516595490-0,"Bread - Dark Rye, Loaf",$16.50
050157899-4,Potatoes - Idaho 80 Count,$63.87
154224555-9,Cake - Box Window 10x10x2.5,$18.72
094491665-1,Tomatoes - Heirloom,$12.06
507378768-4,Coffee Swiss Choc Almond,$32.98
357221223-5,Lettuce - Radicchio,$32.28
690986544-8,Tea Leaves - Oolong,$38.50
137416938-2,"Pork - Chop, Frenched",$96.69
212235323-6,Cornflakes,$38.96
791500798-X,"Tomatoes - Vine Ripe, Yellow",$30.29
707737054-2,Truffle - Whole Black Peeled,$98.45
080380421-0,Sauce - Hoisin,$80.11
002604641-5,Beets,$86.43
789639601-7,Cake - Cheese Cake 9 Inch,$5.87
836390076-1,Rice - Sushi,$77.21
450162411-6,Cocoa Powder - Natural,$2.10
015227064-7,Hog / Sausage Casing - Pork,$38.24
389223046-3,Table Cloth - 53x69 Colour,$36.20
446996729-7,Pike - Frozen Fillet,$13.84
864922642-6,Flour - Pastry,$28.42
636788659-1,Sobe - Tropical Energy,$85.46
255076630-X,Cookie Dough - Chocolate Chip,$55.63
071646452-7,Beef - Prime Rib Aaa,$31.37
970685046-5,"Tray - Foam, Square 4 - S",$13.61
066309015-6,Soap - Pine Sol Floor Cleaner,$45.77
506527711-7,Cheese - Sheep Milk,$22.93
024671769-6,"Bread - Roll, Soft White Round",$12.05
142422586-8,Squid - U - 10 Thailand,$12.08
024394180-3,Beer - Sleemans Honey Brown,$11.14
646135778-5,Wine - Peller Estates Late,$31.38
523501786-2,Cheese - Wine,$16.11
978791676-3,Pasta - Angel Hair,$40.07
717834024-X,Crackers - Soda / Saltins,$75.38
655561192-8,Potatoes - Parissienne,$48.88
084921095-X,Mustard - Individual Pkg,$28.74
788951011-X,"Bread - Pita, Mini",$8.07
840241749-3,Muffin - Zero Transfat,$14.63
198536103-5,Herb Du Provence - Primerba,$31.94
321696415-9,"Brandy - Orange, Mc Guiness",$32.41
948150199-X,Magnotta Bel Paese Red,$23.65
737571728-1,Banana - Leaves,$76.80
245413300-8,Appetizer - Lobster Phyllo Roll,$44.14
568320372-4,Squash - Guords,$39.90
048419199-3,Muffins - Assorted,$9.03
152728774-2,Cheese - Le Cru Du Clocher,$83.91
170653666-6,"Rum - Dark, Bacardi, Black",$96.19
784469398-3,Broom - Push,$74.51
914205074-X,"Pork - Tenderloin, Frozen",$75.16
733141144-6,Sage - Rubbed,$22.60
905573710-0,"Pork - Tenderloin, Fresh",$93.55
711136190-3,"Tart Shells - Sweet, 4",$66.89
732568286-7,Glycerine,$56.44
476150532-X,Chinese Foods - Chicken,$41.80
608336714-X,Creme De Banane - Marie,$54.16
033554391-X,Flax Seed,$55.08
861471380-0,Beef - Rib Eye Aaa,$1.55
009304138-1,Potatoes - Mini White 3 Oz,$87.47
368712860-1,Kaffir Lime Leaves,$79.45
420652275-8,Wanton Wrap,$59.59
111964594-8,Squeeze Bottle,$49.05
908378361-8,"Lobster - Tail, 3 - 4 Oz",$18.74
163379732-5,Cake - Dulce De Leche,$63.02
715898248-3,Tomato - Peeled Italian Canned,$35.90
052502392-5,Puree - Raspberry,$39.72
612720672-3,Yokaline,$74.38
650790278-0,Huck White Towels,$56.00
818424792-3,Oil - Sesame,$4.12
082681453-0,Oil - Sesame,$34.48
397400405-X,Wine - Fontanafredda Barolo,$50.46
673452092-7,Tumeric,$46.05
159830053-9,"Beef - Cooked, Corned",$77.95
454328356-2,"Crab - Blue, Frozen",$83.51
592926895-9,Onions - Vidalia,$3.30
579953827-7,"Lamb - Racks, Frenched",$72.01
488593079-0,Bread - Granary Small Pull,$64.72
463611370-5,"Hickory Smoke, Liquid",$80.26
067389271-9,Wine - Conde De Valdemar,$4.99
075915121-0,Nougat - Paste / Cream,$58.66
625978730-8,Cookie Dough - Chocolate Chip,$81.09
486417273-0,Cheese - Ricotta,$90.62
588389437-2,Food Colouring - Pink,$23.23
081096722-7,Brandy - Bar,$15.20
005688275-0,"Nut - Chestnuts, Whole",$60.68
744680033-X,Dried Peach,$91.62
956131112-7,"Leeks - Baby, White",$17.49
873902926-3,Wine - Guy Sage Touraine,$86.92
011916030-7,"Ranchero - Primerba, Paste",$15.36
938205738-2,Ice Cream Bar - Hageen Daz To,$25.81
724955675-4,Durian Fruit,$45.26
811036291-5,Magnotta Bel Paese Red,$99.62
377091201-2,Food Colouring - Pink,$76.77
461069255-4,"Beef - Cooked, Corned",$88.98
006816469-6,Pate - Liver,$60.99
061275310-7,Chicken - Wieners,$30.21
160390766-1,Soup - Campbells Tomato Ravioli,$19.76
301613074-2,"Juice - Orange, 341 Ml",$76.46
371105577-X,Pork - Liver,$83.34
728102822-9,Chicken - Base,$48.60
542804741-0,Juice - Lemon,$30.34
474493400-5,Cup - Paper 10oz 92959,$74.66
310893593-3,"Beef - Rib Roast, Cap On",$42.03
360520946-7,Wine - Riesling Dr. Pauly,$94.01
127177386-4,Bread - Italian Corn Meal Poly,$91.47
259742983-0,Onions - Vidalia,$57.55
810295878-2,Wine - Redchard Merritt,$62.11
063704036-8,Milk - Chocolate 250 Ml,$46.20
877860506-7,Tequila - Sauza Silver,$17.28
468817253-2,"Salmon - Atlantic, Fresh, Whole",$93.74
081456647-2,Rice - Wild,$61.41
698018351-6,Apples - Sliced / Wedge,$25.77
075219587-5,Bread - English Muffin,$54.91
938129562-X,Container Clear 8 Oz,$44.75
662249714-1,Hog / Sausage Casing - Pork,$67.17
401559733-8,"Mushroom - Shitake, Fresh",$51.80
174292181-7,Potatoes - Idaho 80 Count,$85.79
674550832-X,Cake - Cheese Cake 9 Inch,$86.90
841641705-9,Longos - Cheese Tortellini,$43.97
421113960-6,"Cheese - Cheddar, Medium",$87.54
601253646-1,Appetizer - Southwestern,$41.73
103139478-8,Sausage - Andouille,$31.09
225726497-5,Cinnamon Buns Sticky,$94.47
475716442-4,"Capon - Breast, Double, Wing On",$90.57
020341211-7,"Wine - Mas Chicet Rose, Vintage",$38.64
523858108-4,"Wine - Red, Cabernet Sauvignon",$74.42
012901371-4,Skirt - 29 Foot,$37.57
620732130-8,Sauce - Hp,$50.11
011416452-5,English Muffin,$71.16
506658911-2,Wine - Rhine Riesling Wolf Blass,$73.89
087453537-9,"Pasta - Fettuccine, Egg, Fresh",$31.96
822321451-2,Cookie Choc,$58.04
568577036-7,"Champagne - Brights, Dry",$60.49
042276978-9,Fireball Whisky,$16.17
588516667-6,Onions Granulated,$29.63
163827428-2,Water - Perrier,$50.85
851716665-5,Squid - U 5,$91.90
992699599-3,Honey - Liquid,$33.37
898943605-2,Veal - Eye Of Round,$1.61
077936059-1,Bread - French Baquette,$91.39
152477918-0,Cream - 18%,$34.48
273872444-2,"Juice - Tomato, 48 Oz",$92.24
245536596-4,Sandwich Wrap,$98.53
284956931-3,Sobe - Berry Energy,$11.82
220654999-9,Milk Powder,$93.76
262241755-1,Miso - Soy Bean Paste,$23.98
514134768-0,Coffee Guatemala Dark,$81.33
767080907-8,Yucca,$48.68
750300940-3,Carbonated Water - White Grape,$48.49
789453407-2,Bread - Frozen Basket Variety,$18.06
808684430-7,Flour - So Mix Cake White,$35.23
898810558-3,Pears - Fiorelle,$35.20
829806154-3,Broccoli - Fresh,$37.57
516240678-3,Chicken - Tenderloin,$46.57
460822931-1,Chocolate - Liqueur Cups With Foil,$93.01
917686311-5,Dried Figs,$88.66
495611137-1,"Syrup - Monin, Irish Cream",$75.47
314369398-3,Clams - Canned,$61.76
155947307-X,Ecolab - Hobart Upr Prewash Arm,$65.30
384717307-3,Pasta - Canelloni,$93.24
821898434-8,Pasta - Canelloni,$7.07
518219866-3,Bar - Sweet And Salty Chocolate,$7.39
904654161-4,Appetizer - Tarragon Chicken,$86.46
295934326-3,Beans - French,$43.69
238451326-5,Pizza Pizza Dough,$68.91
142880538-9,Cauliflower,$26.41
672792849-5,Pastry - Chocolate Marble Tea,$53.62
805636736-5,Nantucket - Carrot Orange,$48.68
575019482-5,Butcher Twine 4r,$1.62
500013205-X,Asparagus - Mexican,$98.58
765964646-X,Spice - Paprika,$13.14
176130364-3,Crawfish,$89.62
445374666-0,Muffin Mix - Chocolate Chip,$31.12
741931829-8,Gherkin,$11.42
209904038-9,Shrimp - Tiger 21/25,$63.66
811645009-3,Bread - Pumpernickel,$47.74
153091605-4,Cheese - Pont Couvert,$53.50
696333583-4,Creme De Cacao White,$91.51
104811541-0,Bar Nature Valley,$10.70
384000623-6,Bread - Corn Muffaleta Onion,$44.59
287034605-0,Bouillion - Fish,$64.12
405047185-X,Onions - Cippolini,$78.16
663239600-3,Cheese - Ermite Bleu,$52.56
498126835-1,Oil - Olive Bertolli,$8.15
275298111-2,"Bread - Bagels, Mini",$74.85
422864714-6,Coffee - Decaffeinato Coffee,$30.18
001970748-7,"Pork - Butt, Boneless",$71.80
034900154-5,Nantucket - Carrot Orange,$71.95
435996895-7,Beer - Molson Excel,$9.62
850664419-4,Sprouts - Onion,$22.01
405989835-X,Tea - Mint,$91.14
496167041-3,Pike - Frozen Fillet,$51.49
009081626-9,Wine - Rhine Riesling Wolf Blass,$59.51
649434884-X,"Wine - Red, Pinot Noir, Chateau",$93.74
212244335-9,Mushroom - Morel Frozen,$48.69
244271774-3,"Stock - Beef, Brown",$56.57
470227261-6,Sauce Tomato Pouch,$92.82
901292539-8,Magnotta - Bel Paese White,$74.82
520488251-0,Olives - Stuffed,$5.93
954862360-9,Bread - Assorted Rolls,$20.97
881675983-6,Irish Cream - Baileys,$67.31
312536073-0,Icecream - Dstk Strw Chseck,$24.63
439243835-X,Cheese - Asiago,$31.57
486681637-6,Bread - Sour Sticks With Onion,$14.77
609902549-9,"Shrimp - 21/25, Peel And Deviened",$60.71
816636000-4,Nut - Macadamia,$17.96
325475297-X,Cheese - Bocconcini,$34.58
609224831-X,Foam Espresso Cup Plain White,$58.87
135349742-9,Honey - Lavender,$85.23
437589058-4,Gloves - Goldtouch Disposable,$72.64
765563532-3,Mushroom - Porcini Frozen,$99.53
735077296-3,Pork Loin Bine - In Frenched,$18.06
305130268-6,Bread - Assorted Rolls,$20.84
839668523-1,Napkin White - Starched,$45.42
139090305-2,Honey - Liquid,$67.68
730642022-4,Cranberry Foccacia,$14.90
179025859-6,"Salmon - Whole, 4 - 6 Pounds",$16.59
567908424-4,Dasheen,$89.37
941916696-1,Napkin - Beverage 1 Ply,$37.59
145724735-6,Juice - V8 Splash,$18.71
324291598-4,"Wine - White, Colubia Cresh",$92.65
327245119-6,"Pasta - Canelloni, Single Serve",$44.63
616190619-8,Bread - Onion Focaccia,$34.01
547663508-4,Squid - U - 10 Thailand,$45.89
652506288-8,Loquat,$1.44
365136391-0,Salt - Seasoned,$10.23
592201907-4,Chevril,$71.82
165496702-5,Cookie - Oreo 100x2,$16.59
395470796-9,Plate Foam Laminated 9in Blk,$32.92
514648228-4,"Pork - Bacon, Sliced",$96.84
933834922-5,"Jam - Blackberry, 20 Ml Jar",$27.89
276859531-4,Wine - Jackson Triggs Okonagan,$25.39
920500205-4,Aspic - Amber,$32.80
392184285-9,Ice Cream - Fudge Bars,$66.69
251944704-4,Chicken - Base,$47.34
524613068-1,"Doilies - 12, Paper",$99.58
112152314-5,Quail Eggs - Canned,$25.09
316963402-X,Chick Peas - Dried,$40.99
134256651-3,Syrup - Monin - Granny Smith,$87.07
764622037-X,Cabbage - Red,$42.39
882510692-0,Apricots - Halves,$28.52
551782095-6,Coffee - Hazelnut Cream,$38.64
528573493-2,"Beef - Ox Tail, Frozen",$54.51
503117829-9,Wasabi Powder,$32.94
295981502-5,Emulsifier,$0.74
407966430-3,Turkey - Ground. Lean,$3.79
726428284-8,Wine - Saint Emilion Calvet,$86.61
893715024-7,"Bread - Crumbs, Bulk",$75.55
826754771-1,Sugar - Crumb,$8.10
209442320-4,Greens Mustard,$34.11
155926070-X,Veal - Knuckle,$70.24
085282583-8,"Gin - Gilbeys London, Dry",$83.66
462959109-5,Plastic Arrow Stir Stick,$51.18
778132909-0,"Pork - Sausage, Medium",$64.85
841145847-4,Soup - Campbells Asian Noodle,$4.78
333346305-9,Miso - Soy Bean Paste,$55.45
409198840-7,Wine - Chianti Classica Docg,$80.63
424830196-2,Cookies - Englishbay Wht,$27.54
517569629-7,Cheese - Valancey,$23.14
027948701-0,Table Cloth 62x120 White,$82.88
972641697-3,Quail Eggs - Canned,$34.13
903365714-7,Crab Brie In Phyllo,$27.63
235355579-9,Wine - Remy Pannier Rose,$16.79
571060186-1,Mushroom - Porcini Frozen,$98.34
581128843-3,Salt - Sea,$75.51
707716367-9,"Cheese - Brie, Cups 125g",$72.54
249740242-6,"Oil - Truffle, Black",$87.29
410386515-6,Vinegar - Tarragon,$45.21
989063290-X,Chocolate - Semi Sweet,$40.81
153934421-5,"Chilli Paste, Ginger Garlic",$60.97
767030238-0,Sausage - Breakfast,$45.85
337709963-8,Celery,$80.61
750101655-0,Salmon - Canned,$96.82
160393631-9,Cheese - Blue,$27.91
212194793-0,"Shrimp - 16 - 20 Cooked, Peeled",$68.92
024659208-7,"Wine - Mas Chicet Rose, Vintage",$64.37
839285762-3,Beer - Fruli,$41.81
117378855-7,Wine - Chianti Classico Riserva,$74.38
155218982-1,"Bar Mix - Pina Colada, 355 Ml",$18.92
581891140-3,Veal - Osso Bucco,$25.39
963570423-2,Garbag Bags - Black,$39.78
407138678-9,Wine - Jackson Triggs Okonagan,$60.87
438653982-4,Compound - Pear,$34.54
565940971-7,Cheese - Feta,$94.93
283735341-8,"Beans - Black Bean, Canned",$85.14
190322959-6,"Cheese - Manchego, Spanish",$54.84
596810404-X,Icecream - Dstk Cml And Fdg,$58.99
630498099-X,Oil - Olive Bertolli,$90.33
289441455-2,Water - San Pellegrino,$60.02
776579742-5,Cheese - Brick With Pepper,$68.88
272507258-1,Breadfruit,$31.36
609320616-5,Potato - Sweet,$44.24
159481755-3,"Chicken - Wings, Tip Off",$69.86
728999833-2,Ezy Change Mophandle,$85.55
940480885-7,Bar Mix - Lime,$20.89
561247100-9,Salmon - Fillets,$43.10
324273278-2,Mushroom - Portebello,$83.63
977623059-8,Water - Perrier,$26.89
748449581-6,Bandage - Finger Cots,$61.75
514290416-8,Ginsing - Fresh,$7.47
361896952-X,Lemon Grass,$59.09
955883576-5,Pork - Back Ribs,$66.90
320165740-9,Pastrami,$98.30
567104454-5,Sobe - Green Tea,$53.64
320352037-0,Bread - Rosemary Focaccia,$21.55
374353602-1,"Pail - 15l White, With Handle",$84.95
265951391-0,Lemon Grass,$69.20
559401893-X,Wine - Barolo Fontanafredda,$9.44
599588873-0,Cookie Dough - Double,$18.00
796737087-2,Beer - Labatt Blue,$26.33
438062503-6,Zucchini - Yellow,$16.86
079197801-X,Canadian Emmenthal,$62.98
575050377-1,Scallops - U - 10,$18.01
221359505-4,Beer - Mill St Organic,$99.47
034926786-3,"Soup - Campbells, Lentil",$83.22
636375521-2,"Pasta - Rotini, Dry",$88.23
602170871-7,Table Cloth 54x72 White,$87.72
846946646-1,Browning Caramel Glace,$34.47
061402734-9,Beer - Muskoka Cream Ale,$86.05
173791660-6,"Syrup - Monin, Irish Cream",$61.00
584444929-0,Mustard - Pommery,$91.32
185431178-6,Anchovy Paste - 56 G Tube,$97.89
796063714-8,Juice - Prune,$41.69
624585767-8,Truffle Shells - White Chocolate,$19.80
478094869-X,Appetizer - Escargot Puff,$60.27
261422170-8,Pur Source,$15.11
510482104-8,Soup Campbells,$23.29
387370724-1,Longos - Grilled Chicken With,$90.26
495096792-4,Jerusalem Artichoke,$68.54
617039268-1,Juice - Propel Sport,$45.49
235573380-5,Sage Ground Wiberg,$21.14
100388663-9,Lamb Shoulder Boneless Nz,$28.90
450346460-4,Stainless Steel Cleaner Vision,$87.17
020239382-8,Pecan Raisin - Tarts,$62.25
931919907-8,Slt - Individual Portions,$53.46
568287911-2,Cheese - Valancey,$82.73
300370968-2,Compound - Rum,$16.13
085237537-9,Vanilla Beans,$58.74
526564635-3,Shrimp - 100 / 200 Cold Water,$49.60
267038699-7,Broom - Angled,$81.06
457879003-7,"Cake Circle, Paprus",$93.05
729722762-5,Versatainer Nc - 9388,$0.48
765306934-7,Currants,$2.81
166557148-9,Wine - Cotes Du Rhone Parallele,$8.54
744215995-8,Pastry - Trippleberry Muffin - Mini,$34.66
022758396-5,Grapes - Red,$76.25
517442105-7,Steam Pan - Half Size Deep,$7.03
146700844-3,Eel - Smoked,$18.77
134919220-1,Syrup - Chocolate,$87.92
300214134-8,"Coconut - Shredded, Sweet",$26.39
451397266-1,"Pasta - Fusili, Dry",$72.99
994260274-7,Sunflower Seed Raw,$99.88
393483802-2,"Pepper - Red, Finger Hot",$17.03
996534291-1,Cake - Dulce De Leche,$40.01
427172971-X,Coffee - Flavoured,$13.73
334886698-7,Truffle Cups - White Paper,$2.69
279529253-X,"Pasta - Penne, Rigate, Dry",$81.62
992320449-9,Wine La Vielle Ferme Cote Du,$82.07
619782085-4,Bag - Regular Kraft 20 Lb,$28.65
899729700-7,Cups 10oz Trans,$87.94
346453161-9,Wine - Stoneliegh Sauvignon,$78.01
898265840-8,Flower - Commercial Bronze,$11.81
846966850-1,Water - Evian 355 Ml,$63.94
553772721-8,Monkfish - Fresh,$27.03
058399406-7,Veal - Loin,$69.40
914274592-6,Lumpfish Black,$53.94
874278780-7,Yoplait - Strawbrasp Peac,$20.30
837667374-2,Chips Potato Swt Chilli Sour,$14.15
629261709-2,Nantucket Orange Juice,$64.19
806057175-3,Lettuce - Arugula,$89.99
156167811-2,"Yogurt - Banana, 175 Gr",$21.81
954922146-6,Lettuce - Arugula,$97.78
792647023-6,Breakfast Quesadillas,$50.64
478442053-3,"Napkin - Dinner, White",$20.69
748688810-6,Clams - Bay,$31.61
304373744-X,Neckerchief Blck,$9.03
945753381-X,Coffee Decaf Colombian,$69.46
971117662-9,Puree - Mango,$38.14
583879500-X,Appetizer - Shrimp Puff,$39.18
026112407-2,Sauce - Alfredo,$26.42
085892313-0,Cinnamon Buns Sticky,$75.86
919478412-4,Muffin Batt - Blueberry Passion,$68.86
575097850-8,Bread - Kimel Stick Poly,$65.27
891099834-2,"Juice - Apple, 500 Ml",$98.70
167311784-8,Chicken - Wieners,$92.60
978259777-5,Beef - Shank,$81.48
714517234-8,"Cod - Salted, Boneless",$58.58
916665107-7,Pepper - Jalapeno,$87.87
471696589-9,"Wine - White, Chardonnay",$70.24
146035024-3,Bar - Granola Trail Mix Fruit Nut,$88.91
347582360-8,"Pasta - Cannelloni, Sheets, Fresh",$80.77
437227431-9,"Gingerale - Schweppes, 355 Ml",$36.22
981237902-9,"Rum - Dark, Bacardi, Black",$96.14
821163206-3,"Wine - White, Concha Y Toro",$92.58
475031359-9,"Chicken - Leg, Fresh",$76.33
452590716-9,Bread Crumbs - Japanese Style,$77.64
969187093-2,Godiva White Chocolate,$6.21
968465163-5,Bread - Italian Corn Meal Poly,$93.39
409879434-9,Sage Derby,$35.76
814235784-4,"Soup - Campbells, Beef Barley",$1.19
620497117-4,Flour - So Mix Cake White,$25.93
367256555-5,Flower - Daisies,$86.11
129124700-9,Bread - French Baquette,$35.65
290091171-0,Arizona - Plum Green Tea,$62.65
330661376-2,Pepperoni Slices,$85.92
762161254-1,Wine - Cousino Macul Antiguas,$1.95
713283140-2,"Cake Circle, Paprus",$92.74
999793340-0,"Bread - Sticks, Thin, Plain",$84.35
947245413-5,"Wine - Red, Gamay Noir",$87.75
832164889-4,Ocean Spray - Kiwi Strawberry,$14.71
969984449-3,Bagelers,$31.02
536768738-5,"Potatoes - Instant, Mashed",$97.76
477371938-9,Sausage - Breakfast,$0.15
489810157-7,"Coconut - Shredded, Unsweet",$11.40
327765298-X,"Beans - Fava, Canned",$47.16
769222450-1,Haggis,$40.90
055431683-8,Wine - Shiraz South Eastern,$2.46
991575250-4,Muffin Mix - Carrot,$37.28
866491930-5,Napkin White - Starched,$6.57
533894948-2,Vinegar - Raspberry,$62.98
314850119-5,Pastry - Plain Baked Croissant,$14.73
056885058-0,Madeira,$55.92
132278683-6,Lamb Leg - Bone - In Nz,$84.66
216500336-9,Sugar - Fine,$46.34
073390875-6,Muffin Mix - Lemon Cranberry,$23.55
212413112-5,Island Oasis - Raspberry,$20.97
537641275-X,Cookies - Englishbay Oatmeal,$67.04
772642358-7,Cream - 18%,$81.44
440884597-3,Sauce - Vodka Blush,$23.14
213253186-2,Flour - All Purpose,$77.67
645525675-1,External Supplier,$39.12
733213248-6,"Nut - Pine Nuts, Whole",$77.91
629800980-9,Chocolate Liqueur - Godet White,$93.89
834146537-X,Sour Puss Sour Apple,$98.40
955677152-2,Beer - Paulaner Hefeweisse,$88.23
197377529-8,The Pop Shoppe - Lime Rickey,$84.42
629214460-7,Ketchup - Tomato,$33.48
549955827-2,Fib N9 - Prague Powder,$69.79
840612113-0,Lettuce - Radicchio,$84.07
704218960-4,Steel Wool S.o.s,$92.97
708740502-0,"Pepper - Julienne, Frozen",$75.87
211607135-6,Asparagus - Mexican,$19.23
656187125-1,Crab - Imitation Flakes,$49.12
624562203-4,"Cheese - Woolwich Goat, Log",$68.27
522396671-6,Muffin - Zero Transfat,$48.07
277157457-8,Beans - Fine,$76.26
839530010-7,"Pork - Loin, Center Cut",$59.31
318948252-7,Orange - Blood,$34.94
579078240-X,"Pork - Back, Long Cut, Boneless",$40.00
823882897-X,Cheese - Sheep Milk,$80.37
081603870-8,Olives - Stuffed,$47.16
724151049-6,Chicken - Bones,$41.92
140399891-4,Bread Sour Rolls,$28.75
777502548-4,Tofu - Firm,$51.49
229605678-4,Remy Red Berry Infusion,$66.10
942519579-X,Tea - Herbal Sweet Dreams,$49.30
134692219-5,Spring Roll Wrappers,$79.22
673340060-X,Cheese - Brick With Pepper,$8.25
453123767-6,Wine - George Duboeuf Rose,$81.13
401048350-4,Butter - Unsalted,$72.70
659217634-2,"Pepsi, 355 Ml",$70.00
282101487-2,Pepper - Yellow Bell,$85.13
585593930-8,Water - Tonic,$21.71
436343835-5,"Quail - Whole, Boneless",$91.27
066278629-7,"Pork - Loin, Boneless",$74.62
533535157-8,Pickerel - Fillets,$23.95
509033558-3,Beef - Ground Medium,$90.18
875596346-3,Mushroom - Morel Frozen,$87.94
957919994-9,Pike - Frozen Fillet,$60.38
705070679-5,Cookies - Fortune,$72.73
800375303-1,"Wine - Magnotta - Red, Baco",$32.00
444732301-X,Juice - Apple 284ml,$57.77
377085851-4,Longos - Lasagna Veg,$54.41
595559834-0,Cabbage - Savoy,$61.67
019686454-2,Compound - Mocha,$2.05
209420281-X,Ham - Procutinni,$84.44
498923507-X,Pie Filling - Pumpkin,$64.32
476120833-3,Beef Dry Aged Tenderloin Aaa,$39.30
580488168-X,Oil - Canola,$92.43
344606490-7,Longos - Chicken Wings,$75.94
899518284-9,Pork - Liver,$77.53
521356666-9,Barley - Pearl,$61.34
441071556-9,Irish Cream - Butterscotch,$20.50
623725413-7,Lamb - Bones,$88.99
600574459-3,Crackers Cheez It,$33.74
274627830-8,"Stock - Veal, White",$28.41
199305773-0,Flower - Commercial Bronze,$22.30
145656904-X,Bag - Regular Kraft 20 Lb,$28.15
469527434-5,Bread - Multigrain Oval,$8.51
473029153-0,Wine - Peller Estates Late,$34.19
908212297-9,Wine - Sake,$98.79
660409483-9,Munchies Honey Sweet Trail Mix,$56.64
103846004-2,Beans - Green,$22.65
179280036-3,Wine - Spumante Bambino White,$11.54
104690615-1,Cheese - Grana Padano,$35.99
629753586-8,"Coke - Diet, 355 Ml",$70.05
087703999-2,Taro Leaves,$39.48
896908632-3,"Mop Head - Cotton, 24 Oz",$21.63
922067923-X,Coffee Cup 12oz 5342cd,$85.54
536505958-1,Vector Energy Bar,$6.49
965953805-7,Beef Ground Medium,$38.25
006543500-1,Octopus,$22.27
906617882-5,Foil - 4oz Custard Cup,$94.98
677394703-0,Lamb - Whole Head Off,$94.50
528189785-3,Easy Off Oven Cleaner,$16.95
831192635-2,"Cheese - Cheddar, Old White",$8.91
895081337-8,Brandy Apricot,$31.41
878538244-2,"Appetizer - Mini Egg Roll, Shrimp",$89.41
126030611-9,"Shrimp - Baby, Warm Water",$69.05
174779659-X,Kahlua,$64.09
877788931-2,Cheese - Mascarpone,$98.99
533315542-9,"Vermouth - White, Cinzano",$40.38
766217865-X,Dates,$23.04
172361340-1,Liquid Aminios Acid - Braggs,$82.51
310891485-5,Pickle - Dill,$96.96
663754131-1,Sprite - 355 Ml,$6.35
047604957-1,Coffee - 10oz Cup 92961,$22.02
183035980-0,Bamboo Shoots - Sliced,$15.29
808829664-1,Soupcontfoam16oz 116con,$5.08
665710829-X,"Tarragon - Primerba, Paste",$9.11
679702584-2,Wine - Barolo Fontanafredda,$0.06
526832816-6,Lemon Tarts,$73.46
913143162-3,Cinnamon - Ground,$56.16
389055828-3,"Doilies - 5, Paper",$72.94
182152231-1,Tea - Mint,$12.88
096276050-1,Daikon Radish,$27.37
624275750-8,"Juice - Pineapple, 341 Ml",$65.01
791657270-2,"Brownies - Two Bite, Chocolate",$44.19
460278072-5,Crackers - Trio,$42.80
005058391-3,Sugar Thermometer,$68.33
884742411-9,"Beef - Outside, Round",$5.42
174796337-2,"Soup - Beef, Base Mix",$68.48
543218207-6,Spinach - Packaged,$4.08
379974896-2,Beer - Creemore,$39.73
521148883-0,Vinegar - Raspberry,$5.89
155051719-8,Tea - Camomele,$18.31
491022063-1,"Juice - Orange, Concentrate",$2.68
005320666-5,Longos - Chicken Curried,$71.97
659158170-7,Cheese - Brick With Onion,$99.03
595587441-0,Coconut Milk - Unsweetened,$74.13
550430516-0,Passion Fruit,$19.95
411240586-3,Rice Wine - Aji Mirin,$73.04
202394575-5,Carbonated Water - Blackberry,$35.57
922599433-8,Peppercorns - Pink,$62.25
737332571-8,Cookie Chocolate Chip With,$11.48
570481651-7,Blouse / Shirt / Sweater,$52.05
696043841-1,Cake - Bande Of Fruit,$11.37
977977161-1,Basil - Seedlings Cookstown,$69.69
866435265-8,Apple - Northern Spy,$14.70
004317226-1,Oven Mitts 17 Inch,$47.37
313657187-8,Sugar - Splenda Sweetener,$19.14
312061340-1,French Pastry - Mini Chocolate,$10.21
987733072-5,"Nut - Peanut, Roasted",$52.92
051069443-8,Appetizer - Crab And Brie,$8.32
162728383-8,Lettuce - Lolla Rosa,$15.91
917335362-0,Cheese - Gorgonzola,$97.57
515506211-X,"Glass - Wine, Plastic, Clear 5 Oz",$62.90
016459197-4,Beef - Diced,$19.44
849925085-8,Shrimp - Black Tiger 16/20,$23.88
167966191-4,Cape Capensis - Fillet,$48.58
970027108-0,"Carrots - Mini, Stem On",$17.44
501675892-1,"Mushroom - Chantrelle, Fresh",$73.03
707199484-6,Wine - Sauvignon Blanc,$23.97
685733814-0,Pepper - Chili Powder,$31.57
538699385-2,Cucumber - Pickling Ontario,$94.69
075635371-8,Cinnamon Buns Sticky,$50.69
834696871-X,"Seedlings - Buckwheat, Organic",$79.33
469748924-1,Persimmons,$20.03
581302977-X,"Beef - Tenderlion, Center Cut",$84.70
101752178-6,Beef - Short Ribs,$49.89
546031735-5,Five Alive Citrus,$72.34
021754198-4,Pear - Asian,$17.86
098301245-8,Chocolate Eclairs,$7.68
575890247-0,Lemon Balm - Fresh,$96.59
092828899-4,Cheese - Comtomme,$4.78
359020293-9,"Turkey - Breast, Bone - In",$33.66
345665192-9,Sherbet - Raspberry,$95.85
001056277-X,Cake - Cake Sheet Macaroon,$53.20
854578732-4,Oil - Canola,$35.65
550901293-5,Soup - Base Broth Chix,$87.99
290005272-6,Bread - Bistro White,$26.51
390119398-7,Bread - 10 Grain Parisian,$69.06
397047890-1,Tomato Paste,$20.95
592977886-8,"Juice - Pineapple, 48 Oz",$82.27
373557085-2,Wine - Sicilia Igt Nero Avola,$47.37
044746592-9,"Wine - White, Schroder And Schyl",$23.63
127345381-6,"Stock - Veal, Brown",$49.44
441313286-6,Vinegar - Tarragon,$56.12
762703573-2,Spring Roll Veg Mini,$56.05
461899831-8,Appetizer - Asian Shrimp Roll,$56.24
283121347-9,Sugar - Individual Portions,$3.86
493989082-1,Bread Crumbs - Japanese Style,$86.25
317583467-1,Lettuce - Iceberg,$38.18
709747986-8,Remy Red Berry Infusion,$37.61
414515775-3,Puree - Passion Fruit,$99.29
270484209-4,Tahini Paste,$88.82
957987522-7,Pear - Halves,$42.85
192295714-3,"Potatoes - Yukon Gold, 80 Ct",$65.69
617753692-1,Beef Flat Iron Steak,$12.40
617929861-0,"Zucchini - Mini, Green",$93.13
080361304-0,Pie Pecan,$45.56
734052988-8,Chips - Potato Jalapeno,$23.66
987246522-3,Papayas,$99.28
122256303-7,"Pepper - Black, Crushed",$63.04
379383483-2,"Salmon - Atlantic, Fresh, Whole",$42.64
376040870-2,Bread Sour Rolls,$40.99
846547437-0,Figs,$54.35
934246164-6,Bagel - 12 Grain Preslice,$48.60
895488932-8,Sprouts - Alfalfa,$82.46
806147697-5,"Juice - Apple, 341 Ml",$24.14
851187905-6,Buttons,$45.39
154004325-8,Muffin Carrot - Individual,$40.74
910251512-1,Bols Melon Liqueur,$31.65
280165639-9,Lettuce - Escarole,$5.40
379594345-0,Rappini - Andy Boy,$8.59
825707850-6,Lamb - Shanks,$2.38
490160150-4,Capers - Pickled,$95.74
408392101-3,Mangoes,$78.61
335888565-8,Bacardi Mojito,$4.83
935809004-9,Broom - Angled,$38.96
461358110-9,"Coffee - Colombian, Portioned",$32.92
356961962-1,Hot Chocolate - Individual,$52.47
464170360-4,"Juice - Cranberry, 341 Ml",$79.95
541446808-7,Nori Sea Weed - Gold Label,$79.77
834517156-7,Steampan - Half Size Shallow,$31.97
763227334-4,Caviar - Salmon,$69.57
769380877-9,Cheese - Cheddarsliced,$99.10
001827842-6,Sugar - Invert,$14.28
895194039-X,Longos - Lasagna Veg,$98.94
214917587-8,Sauce - Caesar Dressing,$41.44
074764818-2,Heavy Duty Dust Pan,$22.35
674938492-7,Zucchini - Yellow,$93.61
513936402-6,Lamb - Rack,$14.67
212859894-X,Horseradish - Prepared,$4.07
257518019-8,Calaloo,$7.15
451099189-4,Clam - Cherrystone,$83.36
873789604-0,Fork - Plastic,$93.91
822638222-X,Praline Paste,$25.44
705360167-6,Bay Leaf,$57.89
522331786-6,Beer - Molson Excel,$30.84
607006348-1,Coffee - Hazelnut Cream,$97.27
697411559-8,"Beans - Long, Chinese",$22.34
132624359-4,Bread Country Roll,$13.31
841219870-0,"Soup - Knorr, Classic Can. Chili",$66.66
936580685-2,"Rum - White, Gg White",$42.77
393555919-4,Brandy - Bar,$86.13
481602024-1,"Carrots - Purple, Organic",$18.39
764563978-4,Meldea Green Tea Liquor,$93.60
568469672-4,Puree - Strawberry,$77.33
938819745-3,Steampan - Foil,$43.79
621906584-0,Soup - French Onion,$73.43
720046012-5,"Flour - Buckwheat, Dark",$63.54
790784797-4,Pickles - Gherkins,$41.68
369607087-4,"Bread - Pita, Mini",$78.88
438174833-6,Wild Boar - Tenderloin,$74.85
093917246-1,Veal - Provimi Inside,$71.44
347277658-7,Ham - Procutinni,$23.39
650046869-4,"Bar Mix - Pina Colada, 355 Ml",$80.17
951952049-X,"Stock - Beef, White",$76.29
715458290-1,"Pasta - Orzo, Dry",$70.43
047745504-2,Galliano,$43.73
534914981-4,Coffee - Ristretto Coffee Capsule,$11.88
751228314-8,Beer - Blue,$79.88
903685903-4,Puree - Blackcurrant,$67.64
012854526-7,Meldea Green Tea Liquor,$0.33
428524360-1,Oven Mitts - 15 Inch,$81.95
595329821-8,"Bread - Multigrain, Loaf",$97.71
642294882-4,Sauce Tomato Pouch,$93.27
475244061-X,Nutmeg - Ground,$96.68
160936647-6,Lamb Tenderloin Nz Fr,$65.58
054750697-X,Chicken Breast Halal,$90.11
900544807-5,Cheese - Brick With Pepper,$73.01
625322682-7,Squash - Sunburst,$55.86
926595461-2,Red Currants,$3.28
856327424-4,Water - San Pellegrino,$42.32
789406023-2,Toothpick Frilled,$0.77
739535840-6,Green Scrubbie Pad H.duty,$45.14
637749740-7,Coffee Decaf Colombian,$64.46
244374323-3,"Wine - White, Chardonnay",$29.67
243620816-6,Curry Paste - Madras,$5.88
089511085-7,Chicken - Whole Roasting,$43.91
199535443-0,Mushroom - Crimini,$45.59
349940914-3,Soup Campbells,$23.65
629993356-9,Wine - Malbec Trapiche Reserve,$20.27
313812689-8,Oneshot Automatic Soap System,$1.66
277310924-4,Salt And Pepper Mix - White,$77.68
631518850-8,Triple Sec - Mcguinness,$53.82
396067128-8,Pasta - Ravioli,$13.37
833773507-4,Cake - Miini Cheesecake Cherry,$73.60
230817479-X,Butcher Twine 4r,$19.07
549338556-2,Carbonated Water - Orange,$72.74
517945879-X,Pork - Backs - Boneless,$96.40
969462572-6,Cookies Oatmeal Raisin,$32.18
079194164-7,Wakami Seaweed,$51.11
734857470-X,Tea - Honey Green Tea,$35.60
696343765-3,"Veal - Shank, Pieces",$33.81
547121805-1,Papadam,$12.74
176095403-9,Table Cloth 62x114 White,$37.22
073782858-7,Cheese - Brick With Pepper,$46.13
231469114-8,Sauce - Vodka Blush,$14.51
394539119-9,Pastry - Apple Large,$50.08
308859777-9,Bread - Raisin,$4.90
238066325-4,Tea - Honey Green Tea,$37.34
222802367-1,"Veal - Inside Round / Top, Lean",$97.92
508333409-7,"Wine - White, Schroder And Schyl",$11.95
364582666-1,"Pork - Loin, Bone - In",$22.98
678658033-5,"Salmon - Atlantic, Skin On",$84.51
620921307-3,"Veal - Insides, Grains",$3.14
740079520-1,Cabbage - Nappa,$71.70
934844853-6,Fruit Salad Deluxe,$12.78
685427414-1,"Lamb - Whole, Frozen",$45.20
294518638-1,"Soup - Campbells, Minestrone",$60.43
302395974-9,"Tortillas - Flour, 12",$17.78
337029117-7,Munchies Honey Sweet Trail Mix,$32.82
953399580-7,Yoplait - Strawbrasp Peac,$69.53
780195309-6,Flour - All Purpose,$5.24
388231288-2,Truffle Cups - Red,$79.61
271279071-5,"Soup - Cream Of Broccoli, Dry",$55.60
632066850-4,Cheese - Pont Couvert,$79.03
139713754-1,Goulash Seasoning,$10.50
769031375-2,Steampan - Lid For Half Size,$3.97
702441098-1,Mushroom - King Eryingii,$12.91
539473103-9,Wakami Seaweed,$90.97
969541481-8,Cassis,$36.65
830512248-4,"Cheese - Woolwich Goat, Log",$38.34
170556148-9,Cheese - Swiss,$48.75
127803075-1,Pasta - Ravioli,$86.45
761058571-8,Bread - Rosemary Focaccia,$68.55
992865853-6,Spice - Paprika,$69.50
838744418-9,Truffle Cups - Brown,$24.96
832922955-6,Olives - Morracan Dired,$20.98
348946716-7,Sage Ground Wiberg,$12.10
733729493-X,Pepper Squash,$81.32
943815293-8,"Flour - Bran, Red",$42.64
695914389-6,Initation Crab Meat,$15.94
898792423-8,Pear - Halves,$42.30
448080412-9,"Oregano - Dry, Rubbed",$20.88
594836799-1,Foam Dinner Plate,$48.86
146235435-1,Cheese - Ricotta,$4.03
895954849-9,Cheese Cloth No 60,$66.34
368904671-8,Island Oasis - Pina Colada,$43.86
936951173-3,Cheese - La Sauvagine,$65.59
215409090-7,Hagen Daza - Dk Choocolate,$21.72
362098252-X,Broom - Corn,$75.72
446667562-7,Napkin Colour,$52.40
513290399-1,Dill Weed - Dry,$73.51
431881723-7,Island Oasis - Sweet And Sour Mix,$31.05
695755167-9,Raisin - Golden,$4.05
510871048-8,Sobe - Green Tea,$85.97
736801842-X,Pectin,$64.31
097846719-1,Ecolab - Ster Bac,$99.90
397913946-8,Foam Espresso Cup Plain White,$20.48
300763906-9,Oil - Shortening - All - Purpose,$70.91
823769675-1,Cup - Paper 10oz 92959,$69.56
299494587-8,Rye Special Old,$6.33
264214904-8,"Chocolate - Milk, Callets",$88.14
346107632-5,"Fish - Artic Char, Cold Smoked",$56.39
022217160-X,Bonito Flakes - Toku Katsuo,$90.38
145870709-1,"Beef - Bones, Cut - Up",$47.06
831466466-9,Table Cloth 120 Round White,$52.57
662639357-X,Skirt - 24 Foot,$25.36
512965722-5,Longan,$33.01
179957334-6,Bay Leaf Ground,$88.50
581959439-8,Oil - Cooking Spray,$41.59
919398731-5,Tomatillo,$14.87
273234487-7,Coffee - Frthy Coffee Crisp,$49.19
281856009-8,Mustard - Pommery,$59.96
366059587-X,Lettuce - Sea / Sea Asparagus,$49.88
871479345-8,Dr. Pepper - 355ml,$66.34
190127116-1,Truffle Paste,$18.72
549556287-9,"Wine - Red, Wolf Blass, Yellow",$76.30
005191075-6,Garlic Powder,$0.59
715595634-1,Milk - Chocolate 500ml,$15.13
293794596-1,Beer - Mcauslan Apricot,$37.00
987410089-3,Filo Dough,$87.39
757804723-X,Olives - Morracan Dired,$30.92
466464758-1,"Wine - Magnotta - Red, Baco",$67.96
330142892-4,Beans - French,$17.23
073412822-3,"Salsify, Organic",$26.04
749588241-7,Scallops - In Shell,$39.70
100669467-6,Bread - Petit Baguette,$94.50
528829433-X,Beef - Ground Lean Fresh,$1.60
953968747-0,Allspice - Jamaican,$82.84
109196549-8,"Noodles - Cellophane, Thin",$93.29
849377593-2,Cilantro / Coriander - Fresh,$72.45
321295196-6,Longos - Chicken Cordon Bleu,$5.22
483352777-4,Cheese - Valancey,$82.37
760264368-2,Beer - True North Strong Ale,$38.00
486798348-9,"Rum - Light, Captain Morgan",$33.30
074324120-7,"Vermacelli - Sprinkles, Assorted",$28.45
886142434-1,Bread - Rosemary Focaccia,$85.01
437620501-X,"Brocolinni - Gaylan, Chinese",$2.78
933894619-3,Sprouts - Onion,$51.86
666072957-7,Oven Mitts - 15 Inch,$50.23
917982400-5,Ecolab Digiclean Mild Fm,$89.50
509610051-0,Napkin White - Starched,$45.06
503586074-4,"Beef - Rib Roast, Cap On",$96.11
196322964-9,"Cheese - Boursin, Garlic / Herbs",$21.23
235025955-2,Water - Green Tea Refresher,$29.81
887729667-4,Shrimp - Black Tiger 8 - 12,$62.00
837521979-7,Cumin - Whole,$58.26
791150348-6,"Beef - Ox Tongue, Pickled",$36.90
849270899-9,Table Cloth 54x54 White,$97.66
676502828-5,Table Cloth 81x81 Colour,$0.55
342577957-5,Rabbit - Legs,$66.18
418728133-9,Pears - Anjou,$71.60
875068726-3,Lobster - Base,$31.46
575564955-3,Spinach - Packaged,$56.00
497890623-7,Rice - Jasmine Sented,$66.29
495584417-0,Pop - Club Soda Can,$85.25
044808964-5,"Nut - Almond, Blanched, Ground",$96.27
347898757-1,Chinese Foods - Chicken Wing,$76.53
906548899-5,Cookie - Dough Variety,$35.14
851688315-9,"Wine - White, Pelee Island",$4.40
879247436-5,Bagels Poppyseed,$15.05
733705853-5,"Pasta - Linguini, Dry",$70.65
036017818-9,Wine - Pinot Grigio Collavini,$11.88
150173294-3,Muffin Hinge 117n,$44.22
523402788-0,Garbage Bags - Black,$85.43
605759101-1,Chocolate - Compound Coating,$44.89
528986132-7,Pumpkin,$64.18
466991495-2,Wine - Delicato Merlot,$96.27
516858816-6,Cheese Cheddar Processed,$21.77
735723647-1,Thyme - Fresh,$48.87
570030898-3,Tea - Herbal - 6 Asst,$63.27
002486956-2,Shrimp - Tiger 21/25,$65.17
161248846-3,"Soda Water - Club Soda, 355 Ml",$83.28
687853682-0,General Purpose Trigger,$48.79
277798658-4,Huck White Towels,$33.03
048977859-3,"Wine - White, French Cross",$4.63
687339099-2,Bandage - Fexible 1x3,$77.84
622492111-3,Zucchini - Green,$74.11
002065793-5,"Juice - Apple, 341 Ml",$70.35
682273114-8,"Chilli Paste, Hot Sambal Oelek",$11.35
531961303-2,"Flour - Bran, Red",$10.33
403121762-5,Vinegar - Champagne,$50.75
789882748-1,Oil - Avocado,$23.89
352618801-7,Lady Fingers,$76.96
