<?xml version="1.0" encoding="UTF-8"?>
<jcr:root xmlns:sling="http://sling.apache.org/jcr/sling/1.0"
	xmlns:cq="http://www.day.com/jcr/cq/1.0" xmlns:jcr="http://www.jcp.org/jcr/1.0"
	xmlns:nt="http://www.jcp.org/jcr/nt/1.0" jcr:primaryType="nt:unstructured"
	jcr:title="Properties" sling:resourceType="cq/gui/components/authoring/dialog">
	<content jcr:primaryType="nt:unstructured"
		sling:resourceType="granite/ui/components/foundation/container">
		<layout jcr:primaryType="nt:unstructured"
			sling:resourceType="granite/ui/components/foundation/layouts/fixedcolumns" />
		<items jcr:primaryType="nt:unstructured">
			<column jcr:primaryType="nt:unstructured"
				sling:resourceType="granite/ui/components/foundation/container">
				<items jcr:primaryType="nt:unstructured">
					<alt jcr:primaryType="nt:unstructured"
						sling:resourceType="granite/ui/components/foundation/form/textfield"
						class="halfsizeck" name="./alt" />
				</items>
			</column>
		</items>
	</content>
</jcr:root>
